source,target,time_fps
fly12,fly11,0
fly9,fly11,0
fly1,fly12,21
fly11,fly12,33
fly1,fly11,42
fly10,fly6,49
fly11,fly1,52
fly10,fly5,61
fly5,fly9,67
fly12,fly1,77
fly5,fly10,89
fly1,fly11,91
fly1,fly8,95
fly11,fly8,141
fly2,fly12,147
fly6,fly3,165
fly12,fly2,175
fly3,fly6,194
fly8,fly7,233
fly7,fly8,242
fly6,fly4,268
fly8,fly6,307
fly6,fly8,307
fly5,fly2,326
fly6,fly9,351
fly1,fly6,357
fly6,fly9,375
fly9,fly6,382
fly8,fly10,390
fly12,fly9,391
fly9,fly12,394
fly10,fly8,395
fly4,fly11,416
fly5,fly11,418
fly8,fly10,469
fly1,fly9,471
fly9,fly8,485
fly7,fly5,490
fly1,fly8,495
fly8,fly10,527
fly1,fly3,536
fly3,fly1,536
fly10,fly9,538
fly9,fly8,556
fly12,fly10,563
fly10,fly1,570
fly12,fly1,592
fly4,fly3,622
fly4,fly5,640
fly4,fly9,643
fly5,fly9,653
fly12,fly7,655
fly3,fly9,657
fly9,fly3,657
fly4,fly9,669
fly7,fly12,672
fly1,fly11,694
fly11,fly1,694
fly7,fly10,703
fly8,fly1,705
fly11,fly8,722
fly12,fly6,742
fly6,fly12,742
fly9,fly3,776
fly9,fly4,800
fly4,fly11,877
fly3,fly4,887
fly3,fly11,891
fly4,fly12,898
fly12,fly4,923
fly1,fly5,939
fly4,fly10,962
fly6,fly12,991
fly10,fly4,992
fly6,fly12,1024
fly7,fly9,1029
fly12,fly6,1058
fly7,fly4,1100
fly9,fly1,1101
fly5,fly7,1108
fly5,fly11,1109
fly11,fly5,1115
fly10,fly6,1127
fly3,fly8,1132
fly4,fly11,1134
fly10,fly12,1155
fly2,fly8,1168
fly9,fly4,1172
fly4,fly9,1174
fly11,fly9,1196
fly6,fly7,1197
fly9,fly11,1204
fly5,fly6,1207
fly7,fly6,1210
fly12,fly5,1226
fly5,fly12,1228
fly11,fly3,1241
fly12,fly5,1253
fly1,fly8,1264
fly7,fly12,1270
fly12,fly7,1275
fly5,fly2,1309
fly3,fly9,1314
fly4,fly11,1326
fly7,fly2,1331
fly2,fly7,1332
fly5,fly2,1345
fly4,fly10,1364
fly9,fly11,1373
fly11,fly9,1376
fly7,fly2,1379
fly1,fly5,1403
fly1,fly5,1428
fly9,fly11,1434
fly7,fly4,1454
fly10,fly12,1457
fly11,fly9,1458
fly1,fly5,1466
fly11,fly8,1468
fly2,fly3,1474
fly2,fly11,1488
fly7,fly1,1489
fly7,fly5,1505
fly5,fly7,1513
fly12,fly10,1517
fly4,fly9,1523
fly11,fly2,1534
fly6,fly8,1556
fly2,fly10,1565
fly10,fly2,1566
fly12,fly10,1576
fly7,fly6,1581
fly2,fly10,1592
fly12,fly2,1595
fly6,fly7,1617
fly12,fly10,1638
fly6,fly10,1675
fly11,fly5,1713
fly12,fly6,1741
fly6,fly12,1745
fly11,fly1,1747
fly9,fly11,1757
fly12,fly8,1796
fly7,fly10,1806
fly12,fly2,1808
fly8,fly3,1808
fly7,fly10,1823
fly8,fly2,1870
fly12,fly2,1876
fly8,fly12,1886
fly1,fly9,1908
fly9,fly1,1916
fly7,fly1,1931
fly1,fly7,1931
fly3,fly9,1953
fly1,fly9,1955
fly2,fly11,1967
fly10,fly2,1970
fly10,fly6,1970
fly2,fly10,1978
fly6,fly2,1980
fly10,fly11,1981
fly8,fly1,1983
fly1,fly8,1984
fly11,fly10,1987
fly8,fly9,1992
fly1,fly9,1996
fly11,fly2,2028
fly6,fly2,2051
fly3,fly2,2071
fly2,fly3,2073
fly10,fly12,2088
fly6,fly10,2119
fly6,fly12,2121
fly12,fly6,2122
fly11,fly3,2129
fly6,fly10,2138
fly10,fly12,2140
fly6,fly9,2148
fly9,fly10,2155
fly11,fly12,2212
fly12,fly11,2214
fly1,fly7,2220
fly11,fly12,2231
fly6,fly9,2234
fly5,fly8,2236
fly12,fly11,2250
fly6,fly10,2256
fly8,fly1,2270
fly6,fly9,2310
fly1,fly10,2311
fly5,fly8,2315
fly7,fly1,2318
fly9,fly1,2331
fly12,fly3,2331
fly2,fly8,2333
fly9,fly7,2336
fly7,fly9,2336
fly9,fly6,2352
fly7,fly6,2353
fly6,fly7,2353
fly7,fly1,2367
fly8,fly12,2385
fly10,fly7,2401
fly5,fly2,2401
fly7,fly6,2406
fly5,fly2,2422
fly9,fly11,2433
fly2,fly12,2437
fly11,fly4,2453
fly4,fly11,2455
fly9,fly3,2456
fly12,fly2,2463
fly12,fly5,2480
fly3,fly4,2489
fly5,fly12,2491
fly12,fly6,2501
fly11,fly1,2508
fly6,fly10,2520
fly12,fly3,2597
fly11,fly2,2619
fly3,fly12,2624
fly10,fly3,2645
fly3,fly10,2650
fly4,fly12,2695
fly7,fly2,2720
fly2,fly7,2721
fly7,fly2,2760
fly12,fly5,2771
fly5,fly12,2772
fly7,fly2,2782
fly10,fly11,2791
fly5,fly12,2795
fly5,fly8,2801
fly12,fly8,2807
fly5,fly12,2812
fly3,fly5,2834
fly4,fly6,2847
fly5,fly3,2849
fly12,fly3,2852
fly5,fly2,2865
fly2,fly5,2865
fly12,fly2,2868
fly2,fly12,2869
fly5,fly3,2871
fly2,fly3,2889
fly3,fly2,2895
fly12,fly5,2895
fly5,fly7,2908
fly7,fly10,2921
fly2,fly4,2921
fly10,fly7,2934
fly11,fly8,2937
fly5,fly6,2939
fly12,fly7,2949
fly6,fly7,2955
fly7,fly12,2959
fly4,fly7,2967
fly10,fly4,2975
fly4,fly10,2976
fly7,fly6,2976
fly8,fly9,2981
fly4,fly6,3001
fly6,fly4,3005
fly3,fly4,3013
fly4,fly3,3029
fly6,fly12,3034
fly7,fly4,3052
fly1,fly12,3067
fly9,fly8,3073
fly5,fly8,3117
fly8,fly5,3121
fly2,fly1,3168
fly9,fly3,3184
fly11,fly7,3187
fly2,fly1,3200
fly5,fly1,3203
fly2,fly5,3220
fly4,fly5,3222
fly7,fly11,3230
fly7,fly12,3241
fly3,fly5,3241
fly1,fly5,3265
fly9,fly8,3281
fly1,fly3,3287
fly8,fly9,3319
fly1,fly2,3322
fly2,fly1,3338
fly4,fly3,3353
fly1,fly11,3365
fly8,fly9,3370
fly12,fly5,3373
fly2,fly1,3388
fly5,fly12,3393
fly4,fly10,3407
fly7,fly6,3413
fly6,fly7,3413
fly5,fly12,3417
fly10,fly4,3430
fly1,fly12,3455
fly12,fly1,3458
fly5,fly2,3465
fly4,fly10,3485
fly10,fly4,3489
fly6,fly10,3490
fly3,fly4,3494
fly12,fly5,3495
fly3,fly10,3500
fly2,fly12,3515
fly3,fly10,3519
fly6,fly1,3527
fly8,fly9,3562
fly4,fly3,3609
fly3,fly10,3612
fly11,fly1,3641
fly1,fly11,3643
fly9,fly4,3651
fly2,fly9,3656
fly5,fly10,3661
fly10,fly5,3661
fly12,fly2,3665
fly12,fly4,3667
fly9,fly2,3679
fly5,fly12,3683
fly2,fly12,3684
fly12,fly10,3715
fly7,fly3,3731
fly1,fly7,3748
fly7,fly1,3763
fly7,fly5,3784
fly5,fly7,3784
fly1,fly3,3793
fly3,fly7,3795
fly2,fly12,3818
fly12,fly2,3818
fly12,fly11,3824
fly2,fly11,3830
fly7,fly5,3835
fly8,fly9,3871
fly2,fly12,3873
fly4,fly10,3960
fly12,fly6,3963
fly6,fly8,3979
fly11,fly1,3985
fly1,fly11,3986
fly9,fly5,3994
fly5,fly9,3995
fly12,fly8,4022
fly11,fly7,4055
fly12,fly5,4061
fly5,fly12,4062
fly12,fly1,4063
fly9,fly10,4064
fly7,fly11,4067
fly7,fly9,4077
fly12,fly5,4109
fly1,fly12,4115
fly8,fly1,4132
fly8,fly12,4133
fly1,fly8,4133
fly4,fly3,4139
fly7,fly1,4171
fly6,fly5,4185
fly9,fly7,4214
fly11,fly4,4219
fly8,fly3,4224
fly7,fly1,4234
fly12,fly11,4250
fly4,fly5,4263
fly6,fly4,4264
fly12,fly1,4367
fly1,fly12,4379
fly12,fly1,4405
fly3,fly9,4417
fly4,fly7,4431
fly1,fly4,4441
fly4,fly1,4441
fly4,fly12,4451
fly5,fly2,4461
fly1,fly3,4482
fly7,fly3,4497
fly6,fly9,4499
fly9,fly6,4499
fly12,fly5,4541
fly5,fly12,4550
fly9,fly2,4568
fly5,fly12,4597
fly2,fly9,4614
fly11,fly2,4617
fly12,fly3,4650
fly11,fly9,4674
fly2,fly12,4691
fly12,fly9,4692
fly11,fly9,4761
fly9,fly11,4763
fly12,fly2,4782
fly4,fly6,4802
fly5,fly1,4822
fly10,fly11,4824
fly7,fly4,4840
fly4,fly2,4850
fly2,fly4,4851
fly2,fly3,4891
fly8,fly9,4896
fly9,fly8,4896
fly7,fly5,4903
fly3,fly2,4930
fly11,fly2,4933
fly2,fly11,4935
fly10,fly4,4954
fly2,fly11,4966
fly5,fly11,4969
fly10,fly12,4976
fly8,fly1,5020
fly12,fly10,5025
fly1,fly8,5028
fly10,fly1,5048
fly5,fly12,5063
fly9,fly2,5091
fly11,fly9,5101
fly12,fly5,5105
fly9,fly11,5113
fly11,fly3,5134
fly12,fly8,5159
fly8,fly12,5168
fly10,fly7,5216
fly8,fly5,5231
fly8,fly2,5237
fly2,fly8,5237
fly5,fly1,5264
fly10,fly12,5286
fly12,fly10,5311
fly12,fly4,5334
fly4,fly12,5335
fly1,fly3,5343
fly1,fly6,5362
fly6,fly1,5363
fly8,fly12,5371
fly5,fly3,5374
fly11,fly9,5387
fly12,fly8,5392
fly9,fly11,5397
fly2,fly5,5437
fly8,fly2,5469
fly6,fly5,5471
fly8,fly6,5475
fly5,fly6,5476
fly12,fly3,5479
fly3,fly12,5483
fly8,fly5,5487
fly6,fly8,5487
fly5,fly8,5487
fly12,fly3,5507
fly2,fly8,5534
fly6,fly3,5559
fly3,fly6,5563
fly10,fly1,5565
fly8,fly2,5571
fly9,fly4,5589
fly7,fly12,5591
fly6,fly8,5602
fly11,fly12,5611
fly9,fly2,5619
fly12,fly7,5621
fly9,fly6,5622
fly4,fly10,5624
fly2,fly9,5626
fly2,fly4,5634
fly11,fly12,5636
fly4,fly6,5645
fly4,fly8,5645
fly5,fly1,5650
fly9,fly10,5655
fly8,fly6,5661
fly1,fly5,5666
fly3,fly1,5692
fly10,fly9,5694
fly11,fly12,5708
fly12,fly10,5723
fly12,fly6,5794
fly7,fly11,5796
fly6,fly10,5799
fly12,fly10,5807
fly10,fly6,5816
fly11,fly1,5817
fly10,fly12,5818
fly2,fly4,5835
fly10,fly7,5838
fly12,fly6,5839
fly6,fly12,5861
fly6,fly12,5878
fly7,fly3,5886
fly5,fly4,5888
fly7,fly1,5888
fly6,fly12,5910
fly7,fly6,5923
fly12,fly1,5931
fly11,fly7,5931
fly8,fly4,5932
fly11,fly6,5939
fly3,fly12,5958
fly7,fly11,5976
fly10,fly2,5985
fly4,fly12,5991
fly4,fly7,6002
fly10,fly2,6008
fly11,fly1,6010
fly1,fly7,6013
fly4,fly1,6014
fly4,fly11,6021
fly7,fly11,6030
fly11,fly4,6031
fly9,fly12,6076
fly7,fly11,6088
fly12,fly3,6092
fly5,fly8,6105
fly7,fly9,6106
fly5,fly10,6131
fly2,fly3,6146
fly8,fly1,6151
fly1,fly8,6154
fly10,fly1,6170
fly7,fly11,6170
fly1,fly10,6171
fly10,fly8,6171
fly6,fly9,6224
fly10,fly8,6234
fly2,fly3,6238
fly5,fly12,6243
fly4,fly6,6251
fly7,fly3,6256
fly4,fly8,6264
fly12,fly2,6266
fly12,fly5,6287
fly5,fly12,6299
fly2,fly7,6299
fly7,fly5,6310
fly5,fly7,6320
fly7,fly12,6328
fly11,fly7,6344
fly11,fly12,6355
fly6,fly10,6355
fly7,fly12,6364
fly12,fly7,6369
fly6,fly9,6381
fly12,fly5,6421
fly3,fly8,6446
fly11,fly4,6446
fly4,fly11,6447
fly2,fly9,6456
fly12,fly5,6458
fly12,fly8,6504
fly5,fly8,6507
fly1,fly2,6555
fly2,fly1,6560
fly3,fly12,6564
fly6,fly2,6568
fly6,fly1,6575
fly3,fly12,6589
fly1,fly2,6595
fly4,fly5,6607
fly5,fly12,6614
fly10,fly8,6617
fly4,fly12,6618
fly3,fly4,6628
fly5,fly12,6652
fly6,fly2,6662
fly2,fly6,6663
fly5,fly12,6679
fly6,fly4,6692
fly10,fly9,6706
fly9,fly10,6707
fly9,fly10,6737
fly8,fly11,6791
fly6,fly4,6792
fly6,fly8,6812
fly6,fly10,6813
fly6,fly11,6819
fly8,fly6,6829
fly11,fly6,6832
fly11,fly8,6835
fly4,fly11,6846
fly4,fly7,6888
fly12,fly10,6915
fly11,fly7,6915
fly7,fly11,6915
fly8,fly4,6915
fly7,fly5,6929
fly10,fly7,7030
fly8,fly6,7052
fly6,fly8,7052
fly6,fly5,7067
fly9,fly12,7070
fly12,fly9,7070
fly12,fly10,7090
fly6,fly8,7092
fly8,fly6,7094
fly5,fly8,7113
fly4,fly11,7117
fly10,fly12,7136
fly10,fly3,7145
fly7,fly2,7152
fly2,fly1,7170
fly2,fly11,7172
fly1,fly11,7195
fly4,fly8,7200
fly10,fly8,7221
fly4,fly10,7223
fly10,fly4,7226
fly5,fly1,7240
fly2,fly1,7271
fly9,fly3,7279
fly1,fly10,7285
fly8,fly2,7304
fly2,fly8,7309
fly9,fly3,7311
fly9,fly10,7313
fly12,fly6,7320
fly5,fly1,7324
fly1,fly10,7324
fly1,fly3,7324
fly9,fly1,7330
fly3,fly5,7330
fly10,fly9,7330
fly3,fly1,7330
fly10,fly1,7336
fly11,fly4,7395
fly4,fly11,7395
fly1,fly9,7397
fly6,fly10,7397
fly2,fly1,7413
fly11,fly12,7432
fly4,fly10,7434
fly9,fly3,7441
fly12,fly4,7509
fly4,fly12,7510
fly6,fly2,7565
fly2,fly7,7565
fly1,fly12,7575
fly2,fly6,7577
fly1,fly10,7583
fly2,fly7,7594
fly1,fly12,7595
fly12,fly10,7604
fly7,fly4,7608
fly8,fly1,7627
fly1,fly8,7628
fly3,fly10,7632
fly4,fly6,7633
fly12,fly8,7648
fly8,fly12,7651
fly6,fly11,7654
fly12,fly1,7655
fly1,fly12,7665
fly3,fly1,7676
fly7,fly11,7688
fly12,fly1,7702
fly10,fly8,7710
fly1,fly12,7711
fly4,fly6,7731
fly10,fly8,7741
fly5,fly8,7757
fly11,fly2,7789
fly11,fly2,7807
fly8,fly5,7828
fly5,fly1,7829
fly1,fly5,7845
fly7,fly3,7852
fly1,fly9,7860
fly12,fly2,7864
fly9,fly1,7865
fly11,fly2,7871
fly5,fly1,7874
fly5,fly9,7876
fly12,fly11,7905
fly4,fly8,7969
fly11,fly10,7985
fly10,fly11,7986
fly9,fly10,8001
fly2,fly12,8007
fly5,fly9,8014
fly11,fly6,8030
fly10,fly7,8031
fly7,fly10,8031
fly9,fly5,8052
fly5,fly7,8058
fly7,fly5,8058
fly7,fly9,8064
fly9,fly7,8064
fly4,fly9,8080
fly2,fly10,8091
fly4,fly5,8122
fly6,fly8,8124
fly12,fly4,8126
fly12,fly7,8159
fly7,fly12,8164
fly5,fly4,8171
fly2,fly4,8218
fly5,fly9,8227
fly11,fly3,8228
fly1,fly2,8235
fly2,fly4,8246
fly3,fly12,8335
fly12,fly9,8355
fly11,fly5,8357
fly1,fly4,8389
fly8,fly4,8432
fly9,fly2,8451
fly6,fly4,8467
fly2,fly11,8478
fly12,fly8,8495
fly5,fly8,8528
fly8,fly12,8532
fly12,fly5,8540
fly6,fly3,8543
fly6,fly7,8550
fly3,fly8,8575
fly8,fly3,8575
fly6,fly4,8590
fly9,fly5,8599
fly11,fly1,8617
fly1,fly11,8637
fly8,fly6,8651
fly7,fly3,8653
fly12,fly8,8658
fly11,fly9,8669
fly7,fly3,8673
fly5,fly11,8688
fly11,fly5,8688
fly12,fly8,8693
fly8,fly12,8719
fly5,fly9,8727
fly6,fly12,8731
fly5,fly2,8751
fly8,fly6,8752
fly2,fly5,8767
fly9,fly10,8802
fly2,fly3,8803
fly6,fly12,8818
fly3,fly2,8843
fly6,fly12,8843
fly2,fly7,8864
fly5,fly12,8875
fly12,fly5,8875
fly7,fly2,8877
fly2,fly10,8925
fly2,fly7,8954
fly5,fly3,8966
fly2,fly9,9010
fly5,fly3,9015
fly9,fly2,9016
fly4,fly12,9034
fly12,fly4,9034
fly9,fly7,9039
fly7,fly9,9054
fly10,fly7,9074
fly12,fly6,9080
fly4,fly9,9086
fly9,fly4,9086
fly11,fly12,9111
fly7,fly4,9122
fly4,fly7,9131
fly2,fly3,9135
fly2,fly3,9155
fly4,fly7,9204
fly7,fly3,9217
fly11,fly5,9224
fly5,fly11,9224
fly2,fly7,9239
fly7,fly2,9239
fly8,fly12,9239
fly5,fly11,9247
fly5,fly7,9275
fly7,fly5,9275
fly11,fly2,9279
fly5,fly2,9295
fly2,fly5,9295
fly4,fly6,9299
fly9,fly11,9302
fly11,fly9,9311
fly5,fly11,9324
fly11,fly5,9332
fly7,fly2,9338
fly2,fly7,9339
fly9,fly6,9357
fly8,fly1,9359
fly6,fly11,9372
fly9,fly6,9374
fly6,fly4,9379
fly11,fly5,9382
fly4,fly6,9384
fly10,fly9,9391
fly10,fly6,9402
fly8,fly2,9407
fly2,fly8,9408
fly11,fly10,9411
fly11,fly5,9412
fly10,fly11,9418
fly10,fly5,9421
fly11,fly5,9438
fly7,fly8,9460
fly7,fly6,9470
fly6,fly7,9470
fly6,fly10,9505
fly9,fly12,9521
fly12,fly9,9521
fly12,fly9,9544
fly12,fly10,9629
fly10,fly12,9642
fly12,fly10,9693
fly11,fly12,9710
fly5,fly8,9734
fly12,fly6,9748
fly6,fly12,9749
fly12,fly11,9752
fly11,fly12,9763
fly6,fly9,9764
fly2,fly4,9773
fly9,fly6,9786
fly12,fly3,9788
fly11,fly9,9788
fly9,fly11,9788
fly12,fly9,9789
fly3,fly7,9796
fly12,fly6,9800
fly9,fly3,9800
fly3,fly9,9800
fly9,fly7,9808
fly7,fly9,9812
fly3,fly11,9813
fly2,fly5,9815
fly6,fly12,9815
fly11,fly7,9821
fly3,fly12,9826
fly3,fly11,9835
fly7,fly11,9837
fly11,fly9,9838
fly7,fly3,9848
fly6,fly8,9850
fly8,fly3,9858
fly3,fly8,9858
fly9,fly11,9868
fly7,fly9,9870
fly8,fly11,9881
fly2,fly5,9884
fly8,fly9,9892
fly11,fly1,9901
fly5,fly4,9905
fly9,fly6,9931
fly6,fly8,9948
fly12,fly2,9955
fly2,fly12,9956
fly5,fly2,9976
fly2,fly5,9987
fly12,fly5,10001
fly11,fly2,10044
fly9,fly2,10091
fly2,fly9,10091
fly9,fly2,10131
fly1,fly4,10153
fly10,fly5,10159
fly2,fly1,10188
fly1,fly2,10189
fly9,fly3,10195
fly3,fly6,10214
fly6,fly1,10221
fly8,fly10,10225
fly1,fly3,10234
fly3,fly1,10234
fly1,fly6,10256
fly12,fly2,10267
fly2,fly12,10276
fly1,fly10,10293
fly10,fly1,10293
fly6,fly12,10356
fly12,fly3,10371
fly6,fly3,10376
fly6,fly12,10388
fly2,fly6,10393
fly3,fly12,10393
fly11,fly4,10408
fly9,fly3,10428
fly3,fly9,10428
fly5,fly2,10437
fly2,fly10,10444
fly1,fly12,10449
fly12,fly1,10469
fly10,fly9,10480
fly1,fly7,10486
fly2,fly9,10496
fly12,fly7,10509
fly9,fly2,10528
fly12,fly1,10544
fly6,fly7,10544
fly4,fly3,10545
fly3,fly4,10551
fly6,fly1,10586
fly8,fly4,10593
fly4,fly8,10598
fly7,fly1,10623
fly11,fly5,10645
fly5,fly12,10647
fly3,fly10,10651
fly10,fly3,10680
fly12,fly11,10695
fly6,fly11,10713
fly2,fly9,10717
fly12,fly10,10729
fly7,fly9,10733
fly7,fly2,10742
fly11,fly6,10759
fly12,fly10,10775
fly3,fly5,10782
fly9,fly6,10820
fly1,fly12,10828
fly9,fly10,10841
fly2,fly6,10846
fly6,fly2,10846
fly10,fly11,10860
fly12,fly1,10862
fly2,fly10,10875
fly10,fly2,10876
fly11,fly9,10877
fly2,fly11,10891
fly11,fly2,10913
fly10,fly3,10925
fly7,fly10,10983
fly1,fly6,11021
fly9,fly12,11021
fly5,fly1,11033
fly7,fly11,11037
fly11,fly7,11042
fly5,fly8,11054
fly8,fly5,11054
fly3,fly1,11059
fly1,fly6,11065
fly6,fly12,11075
fly8,fly1,11082
fly8,fly6,11089
fly1,fly8,11090
fly6,fly8,11098
fly3,fly10,11107
fly1,fly3,11124
fly12,fly8,11137
fly3,fly6,11149
fly10,fly5,11162
fly8,fly12,11173
fly12,fly11,11211
fly11,fly12,11211
fly11,fly12,11231
fly6,fly5,11247
fly6,fly2,11267
fly3,fly1,11284
fly9,fly4,11290
fly4,fly11,11326
fly12,fly11,11368
fly7,fly5,11381
fly1,fly10,11385
fly10,fly1,11390
fly5,fly6,11446
fly4,fly6,11463
fly8,fly4,11465
fly3,fly8,11512
fly12,fly11,11541
fly4,fly7,11547
fly11,fly12,11556
fly12,fly2,11557
fly11,fly2,11563
fly10,fly5,11564
fly5,fly10,11564
fly4,fly7,11578
fly11,fly2,11580
fly6,fly12,11606
fly7,fly3,11615
fly3,fly7,11626
fly4,fly3,11643
fly3,fly4,11658
fly9,fly6,11665
fly6,fly9,11665
fly7,fly4,11678
fly4,fly7,11684
fly8,fly1,11686
fly2,fly12,11693
fly8,fly1,11721
fly5,fly12,11726
fly9,fly2,11727
fly2,fly9,11731
fly4,fly12,11778
fly12,fly4,11778
fly7,fly3,11797
fly9,fly2,11802
fly5,fly9,11808
fly4,fly12,11821
fly4,fly11,11898
fly11,fly12,11932
fly10,fly6,11961
fly11,fly12,11986
fly11,fly4,12021
fly1,fly5,12047
fly7,fly3,12058
fly3,fly7,12059
fly2,fly12,12065
fly11,fly4,12073
fly9,fly1,12082
fly6,fly5,12121
fly5,fly6,12122
fly6,fly10,12130
fly5,fly10,12132
fly5,fly6,12146
fly12,fly8,12149
fly4,fly6,12174
fly12,fly1,12184
fly9,fly5,12196
fly5,fly9,12213
fly9,fly5,12232
fly1,fly12,12242
fly10,fly7,12243
fly5,fly3,12253
fly2,fly9,12271
fly8,fly12,12301
fly12,fly8,12301
fly3,fly4,12312
fly3,fly5,12326
fly3,fly2,12334
fly2,fly3,12342
fly7,fly2,12379
fly2,fly9,12409
fly7,fly9,12446
fly9,fly7,12467
fly6,fly1,12477
fly1,fly6,12499
fly9,fly12,12502
fly12,fly9,12523
fly1,fly6,12539
fly11,fly3,12539
fly6,fly5,12544
fly5,fly6,12544
fly7,fly9,12546
fly7,fly9,12572
fly10,fly4,12589
fly3,fly2,12595
fly7,fly9,12601
fly12,fly11,12614
fly5,fly6,12628
fly11,fly12,12633
fly9,fly10,12641
fly2,fly11,12659
fly9,fly3,12685
fly1,fly12,12696
fly11,fly2,12697
fly2,fly11,12698
fly10,fly11,12709
fly8,fly5,12710
fly11,fly3,12728
fly10,fly11,12728
fly11,fly3,12751
fly12,fly5,12759
fly5,fly12,12760
fly9,fly10,12807
fly12,fly4,12807
fly4,fly12,12808
fly8,fly10,12822
fly10,fly8,12828
fly12,fly4,12834
fly3,fly11,12869
fly9,fly10,12900
fly8,fly6,12902
fly11,fly9,12940
fly8,fly6,12951
fly12,fly10,12951
fly10,fly12,12960
fly12,fly10,12988
fly11,fly6,13029
fly12,fly10,13034
fly6,fly11,13044
fly2,fly12,13045
fly2,fly10,13052
fly2,fly12,13080
fly1,fly11,13090
fly12,fly4,13106
fly9,fly1,13136
fly11,fly9,13149
fly10,fly11,13214
fly11,fly10,13233
fly5,fly3,13244
fly12,fly8,13261
fly4,fly5,13263
fly11,fly5,13300
fly6,fly8,13338
fly1,fly10,13353
fly8,fly4,13370
fly4,fly11,13372
fly11,fly4,13388
fly4,fly6,13413
fly11,fly6,13416
fly11,fly4,13433
fly12,fly1,13437
fly5,fly8,13443
fly10,fly5,13494
fly12,fly1,13496
fly12,fly8,13541
fly8,fly12,13542
fly4,fly8,13563
fly12,fly4,13566
fly4,fly12,13567
fly8,fly4,13571
fly10,fly5,13572
fly9,fly2,13575
fly7,fly10,13591
fly7,fly3,13609
fly6,fly8,13609
fly11,fly2,13613
fly2,fly11,13616
fly9,fly10,13708
fly5,fly12,13715
fly10,fly9,13716
fly9,fly12,13731
fly9,fly5,13741
fly12,fly10,13747
fly10,fly2,13748
fly2,fly10,13750
fly4,fly10,13805
fly12,fly2,13812
fly2,fly12,13813
fly6,fly2,13827
fly12,fly6,13838
fly12,fly4,13840
fly4,fly12,13841
fly11,fly8,13901
fly8,fly11,13921
fly12,fly2,13949
fly1,fly4,13951
fly4,fly1,13977
fly12,fly8,14008
fly8,fly12,14009
fly6,fly12,14047
fly1,fly7,14062
fly10,fly3,14095
fly8,fly6,14127
fly6,fly10,14186
fly9,fly4,14202
fly9,fly6,14202
fly6,fly4,14203
fly6,fly9,14219
fly5,fly8,14244
fly6,fly9,14254
fly11,fly4,14258
fly9,fly6,14263
fly4,fly11,14263
fly4,fly2,14275
fly9,fly6,14284
fly5,fly4,14294
fly12,fly5,14297
fly5,fly12,14299
fly9,fly4,14328
fly9,fly5,14330
fly4,fly12,14341
fly9,fly4,14347
fly5,fly6,14378
fly4,fly12,14394
fly6,fly10,14521
fly10,fly6,14523
fly12,fly11,14529
fly1,fly6,14550
fly6,fly5,14552
fly12,fly7,14555
fly7,fly12,14577
fly12,fly7,14620
fly3,fly2,14655
fly12,fly3,14693
fly2,fly12,14694
fly6,fly4,14727
fly12,fly3,14741
fly3,fly10,14741
fly6,fly5,14756
fly2,fly3,14803
fly4,fly6,14848
fly1,fly11,14879
fly10,fly2,14883
fly2,fly10,14884
fly9,fly2,14896
fly10,fly9,14903
fly7,fly12,14915
fly7,fly12,14935
fly9,fly2,14949
fly2,fly9,14971
fly6,fly5,15053
fly5,fly3,15064
fly7,fly5,15083
fly3,fly5,15103
fly5,fly3,15103
fly10,fly5,15111
fly10,fly6,15144
fly6,fly10,15154
fly5,fly10,15165
fly7,fly5,15166
fly10,fly5,15178
fly5,fly4,15186
fly4,fly5,15193
fly9,fly12,15210
fly4,fly5,15212
fly6,fly1,15225
fly12,fly9,15228
fly11,fly8,15238
fly7,fly5,15245
fly12,fly9,15263
fly1,fly6,15264
fly5,fly6,15273
fly1,fly5,15277
fly12,fly9,15287
fly9,fly10,15293
fly10,fly9,15302
fly3,fly2,15303
fly12,fly4,15350
fly7,fly5,15361
fly6,fly7,15380
fly6,fly10,15380
fly10,fly6,15380
fly10,fly7,15391
fly5,fly10,15397
fly11,fly12,15409
fly12,fly4,15409
fly9,fly1,15413
fly1,fly9,15416
fly7,fly5,15418
fly11,fly4,15428
fly7,fly6,15430
fly8,fly10,15446
fly9,fly8,15511
fly12,fly1,15515
fly1,fly12,15515
fly9,fly10,15547
fly4,fly11,15552
fly10,fly8,15591
fly5,fly12,15674
fly9,fly6,15686
fly12,fly7,15687
fly12,fly7,15724
fly7,fly12,15742
fly12,fly10,15750
fly6,fly3,15780
fly8,fly7,15808
fly7,fly9,15809
fly9,fly7,15846
fly7,fly9,15873
fly3,fly10,15886
fly11,fly3,15898
fly12,fly6,15911
fly11,fly5,15915
fly2,fly3,15937
fly12,fly6,15959
fly7,fly9,15965
fly6,fly2,15982
fly6,fly12,16005
fly12,fly2,16008
fly12,fly11,16038
fly5,fly1,16050
fly1,fly5,16057
fly12,fly6,16061
fly5,fly1,16085
fly8,fly5,16111
fly5,fly8,16111
fly1,fly5,16114
fly2,fly4,16124
fly8,fly10,16172
fly10,fly8,16172
fly4,fly12,16188
fly5,fly1,16213
fly5,fly9,16231
fly10,fly3,16234
fly3,fly10,16240
fly11,fly2,16289
fly1,fly2,16291
fly2,fly11,16298
fly2,fly11,16333
fly3,fly7,16363
fly12,fly3,16427
fly3,fly12,16435
fly10,fly2,16447
fly6,fly12,16457
fly7,fly1,16492
fly10,fly1,16520
fly1,fly8,16537
fly7,fly8,16538
fly8,fly7,16544
fly8,fly1,16561
fly10,fly1,16565
fly8,fly10,16567
fly1,fly10,16577
fly7,fly10,16593
fly9,fly6,16593
fly6,fly9,16621
fly8,fly2,16626
fly12,fly5,16627
fly5,fly12,16629
fly7,fly4,16632
fly2,fly8,16636
fly2,fly8,16662
fly5,fly10,16726
fly9,fly1,16756
fly2,fly12,16769
fly4,fly2,16794
fly12,fly2,16794
fly12,fly4,16803
fly4,fly12,16804
fly12,fly2,16899
fly11,fly9,16900
fly2,fly4,16902
fly12,fly4,16903
fly1,fly9,16935
fly12,fly10,16946
fly5,fly11,16959
fly9,fly1,16973
fly2,fly4,16980
fly6,fly9,17005
fly10,fly12,17024
fly12,fly10,17028
fly12,fly5,17139
fly5,fly12,17148
fly6,fly3,17158
fly3,fly6,17159
fly3,fly12,17164
fly8,fly3,17171
fly8,fly3,17195
fly1,fly11,17219
fly12,fly6,17219
fly5,fly2,17221
fly12,fly6,17286
fly3,fly2,17297
fly2,fly3,17298
fly7,fly1,17393
fly12,fly2,17399
fly2,fly12,17400
fly8,fly11,17404
fly4,fly1,17414
fly12,fly9,17419
fly10,fly3,17422
fly4,fly1,17430
fly11,fly8,17430
fly7,fly1,17431
fly8,fly10,17439
fly3,fly10,17443
fly10,fly5,17480
fly3,fly11,17491
fly6,fly7,17500
fly6,fly7,17522
fly7,fly1,17527
fly4,fly10,17550
fly12,fly2,17551
fly2,fly12,17551
fly10,fly9,17564
fly3,fly12,17564
fly10,fly4,17579
fly7,fly1,17579
fly5,fly9,17615
fly6,fly3,17635
fly9,fly5,17635
fly5,fly4,17646
fly6,fly3,17661
fly12,fly1,17698
fly5,fly2,17713
fly11,fly7,17736
fly7,fly11,17737
fly6,fly4,17758
fly9,fly6,17758
fly5,fly1,17773
fly1,fly5,17776
fly9,fly4,17783
fly8,fly10,17787
fly6,fly4,17789
fly4,fly2,17790
fly9,fly2,17801
fly2,fly9,17801
fly6,fly9,17813
fly4,fly12,17815
fly8,fly7,17838
fly12,fly1,17840
fly6,fly9,17849
fly7,fly5,17856
fly5,fly7,17875
fly7,fly5,17879
fly10,fly4,17908
fly4,fly10,17911
fly9,fly4,17932
fly12,fly1,17936
fly1,fly12,17939
fly10,fly5,17960
fly5,fly10,17972
fly7,fly8,17989
fly10,fly2,18022
fly11,fly1,18041
fly12,fly7,18043
fly3,fly12,18045
fly7,fly12,18055
fly3,fly12,18062
fly12,fly7,18078
fly7,fly11,18098
fly9,fly8,18133
fly11,fly12,18136
fly4,fly9,18176
fly4,fly11,18198
fly11,fly4,18211
fly8,fly10,18222
fly5,fly1,18273
fly4,fly6,18290
fly2,fly1,18308
fly1,fly2,18309
fly9,fly11,18312
fly5,fly7,18322
fly3,fly8,18350
fly12,fly6,18381
fly12,fly6,18419
fly11,fly1,18420
fly3,fly6,18421
fly12,fly3,18422
fly1,fly11,18428
fly5,fly1,18448
fly9,fly5,18454
fly12,fly10,18469
fly10,fly12,18469
fly9,fly5,18497
fly9,fly5,18524
fly2,fly12,18527
fly6,fly7,18536
fly3,fly9,18541
fly3,fly5,18544
fly12,fly2,18570
fly7,fly6,18578
fly11,fly3,18593
fly7,fly2,18614
fly12,fly3,18641
fly8,fly6,18655
fly7,fly3,18656
fly3,fly11,18659
fly10,fly9,18667
fly11,fly7,18676
fly6,fly8,18687
fly8,fly6,18694
fly8,fly1,18700
fly6,fly1,18704
fly12,fly10,18716
fly2,fly3,18717
fly8,fly1,18720
fly10,fly12,18744
fly1,fly2,18748
fly8,fly2,18749
fly5,fly9,18757
fly2,fly1,18759
fly6,fly2,18769
fly8,fly6,18771
fly3,fly2,18774
fly8,fly3,18783
fly12,fly10,18806
fly9,fly5,18811
fly12,fly10,18844
fly2,fly6,18873
fly10,fly12,18878
fly1,fly2,18898
fly2,fly1,18901
fly7,fly9,18923
fly1,fly2,18941
fly1,fly6,18952
fly7,fly8,18954
fly5,fly10,18956
fly9,fly8,18968
fly7,fly4,18971
fly6,fly2,18981
fly6,fly1,18986
fly2,fly1,18993
fly7,fly6,19000
fly7,fly2,19000
fly2,fly6,19001
fly2,fly7,19001
fly7,fly1,19003
fly4,fly2,19015
fly1,fly7,19016
fly4,fly1,19025
fly7,fly1,19028
fly4,fly6,19034
fly1,fly6,19035
fly7,fly4,19035
fly1,fly2,19039
fly8,fly5,19043
fly6,fly2,19074
fly1,fly2,19079
fly6,fly1,19092
fly8,fly10,19131
fly10,fly8,19131
fly6,fly9,19169
fly12,fly11,19180
fly3,fly12,19189
fly7,fly3,19194
fly6,fly9,19196
fly7,fly12,19203
fly9,fly6,19208
fly12,fly7,19219
fly7,fly3,19220
fly11,fly8,19230
fly7,fly12,19238
fly12,fly9,19304
fly12,fly1,19345
fly2,fly10,19354
fly8,fly11,19361
fly2,fly9,19397
fly10,fly7,19406
fly9,fly2,19413
fly10,fly1,19421
fly1,fly10,19432
fly7,fly1,19437
fly2,fly9,19441
fly10,fly2,19442
fly9,fly4,19443
fly5,fly6,19453
fly11,fly1,19461
fly4,fly11,19516
fly11,fly12,19538
fly12,fly4,19554
fly11,fly2,19588
fly2,fly4,19597
fly4,fly6,19629
fly11,fly6,19651
fly10,fly8,19651
fly6,fly11,19653
fly11,fly7,19658
fly7,fly11,19659
fly6,fly3,19660
fly3,fly6,19662
fly5,fly12,19693
fly8,fly7,19702
fly1,fly6,19717
fly10,fly12,19725
fly1,fly7,19741
fly9,fly2,19760
fly7,fly5,19762
fly8,fly1,19778
fly2,fly9,19780
fly5,fly8,19788
fly8,fly5,19788
fly7,fly6,19806
fly5,fly1,19847
fly12,fly2,19855
fly2,fly12,19856
fly7,fly11,19882
fly4,fly1,19891
fly11,fly7,19892
fly3,fly9,19942
fly6,fly7,19953
fly9,fly3,19955
fly6,fly8,19959
fly4,fly12,19970
fly5,fly12,19975
fly5,fly11,20018
fly1,fly6,20039
fly6,fly1,20050
fly9,fly2,20052
fly2,fly9,20053
fly5,fly12,20113
fly5,fly9,20148
fly3,fly9,20161
fly9,fly3,20161
fly6,fly1,20164
fly12,fly2,20166
fly5,fly3,20168
fly9,fly5,20183
fly2,fly7,20194
fly3,fly6,20209
fly7,fly12,20216
fly6,fly1,20222
fly1,fly6,20223
fly3,fly1,20255
fly6,fly7,20256
fly10,fly4,20286
fly12,fly6,20315
fly9,fly5,20322
fly2,fly12,20334
fly4,fly6,20334
fly11,fly7,20343
fly6,fly12,20349
fly2,fly10,20369
fly12,fly4,20371
fly12,fly6,20372
fly10,fly2,20397
fly6,fly12,20446
fly12,fly6,20462
fly5,fly1,20476
fly9,fly7,20511
fly7,fly11,20512
fly5,fly8,20514
fly8,fly5,20517
fly11,fly7,20525
fly7,fly9,20549
fly8,fly3,20549
fly10,fly1,20569
fly7,fly11,20580
fly9,fly12,20605
fly6,fly7,20614
fly7,fly1,20621
fly12,fly9,20627
fly6,fly1,20638
fly3,fly10,20660
fly9,fly6,20663
fly6,fly9,20663
fly3,fly6,20677
fly9,fly10,20708
fly10,fly6,20727
fly12,fly11,20799
fly4,fly5,20815
fly8,fly1,20832
fly1,fly8,20839
fly8,fly10,20849
fly8,fly1,20858
fly5,fly4,20872
fly9,fly12,20883
fly10,fly8,20895
fly12,fly9,20910
fly12,fly3,20915
fly11,fly8,20917
fly8,fly11,20918
fly8,fly10,20922
fly9,fly3,20927
fly12,fly5,20944
fly5,fly12,20946
fly4,fly7,20960
fly9,fly6,20963
fly11,fly1,20963
fly7,fly4,20964
fly12,fly5,20968
fly6,fly5,20978
fly5,fly6,20979
fly5,fly9,20982
fly9,fly3,20991
fly5,fly12,21069
fly5,fly12,21091
fly11,fly12,21093
fly1,fly12,21147
fly9,fly5,21149
fly5,fly12,21188
fly11,fly2,21191
fly6,fly5,21204
fly12,fly9,21212
fly2,fly5,21239
fly6,fly9,21293
fly1,fly5,21356
fly3,fly12,21361
fly12,fly4,21400
fly3,fly10,21407
fly12,fly1,21449
fly1,fly12,21451
fly12,fly5,21451
fly4,fly6,21457
fly2,fly3,21465
fly1,fly5,21467
fly5,fly12,21477
fly11,fly4,21505
fly4,fly11,21507
fly5,fly8,21586
fly5,fly9,21592
fly8,fly9,21620
fly6,fly4,21642
fly12,fly1,21657
fly9,fly12,21672
fly12,fly1,21680
fly5,fly11,21708
fly6,fly2,21709
fly12,fly7,21745
fly2,fly6,21745
fly9,fly5,21788
fly5,fly9,21789
fly8,fly5,21806
fly9,fly10,21806
fly5,fly8,21806
fly6,fly3,21812
fly3,fly6,21812
fly6,fly3,21874
fly5,fly12,21881
fly7,fly4,21925
fly4,fly7,21927
fly8,fly3,21928
fly11,fly9,21933
fly6,fly10,21947
fly9,fly11,21955
fly1,fly6,22034
fly12,fly5,22069
fly12,fly10,22082
fly12,fly9,22110
fly9,fly12,22111
fly11,fly1,22131
fly1,fly11,22135
fly10,fly11,22150
fly11,fly10,22150
fly5,fly1,22243
fly1,fly3,22246
fly5,fly4,22301
fly12,fly8,22333
fly11,fly3,22345
fly8,fly12,22345
fly4,fly10,22350
fly5,fly12,22400
fly10,fly9,22405
fly11,fly4,22431
fly12,fly5,22453
fly1,fly2,22468
fly1,fly4,22496
fly4,fly2,22502
fly11,fly4,22514
fly12,fly3,22520
fly2,fly12,22539
fly5,fly9,22593
fly9,fly5,22607
fly4,fly7,22627
fly7,fly4,22630
fly10,fly7,22657
fly7,fly12,22661
fly10,fly4,22686
fly12,fly7,22689
fly9,fly6,22702
fly4,fly1,22714
fly4,fly12,22725
fly9,fly6,22728
fly5,fly4,22729
fly5,fly1,22736
fly12,fly4,22737
fly4,fly10,22758
fly12,fly1,22774
fly1,fly12,22775
fly4,fly7,22798
fly4,fly12,22844
fly8,fly11,22848
fly11,fly8,22849
fly12,fly7,22887
fly1,fly6,22913
fly6,fly2,22972
fly4,fly12,22974
fly2,fly6,22974
fly12,fly9,22990
fly7,fly12,22994
fly4,fly7,22998
fly7,fly4,23021
fly12,fly7,23024
fly9,fly11,23028
fly9,fly12,23045
fly12,fly11,23048
fly6,fly2,23069
fly7,fly12,23073
fly9,fly12,23079
fly1,fly5,23084
fly11,fly6,23095
fly5,fly1,23095
fly2,fly7,23097
fly7,fly11,23103
fly12,fly10,23105
fly11,fly12,23116
fly6,fly10,23120
fly2,fly10,23125
fly12,fly2,23129
fly10,fly2,23131
fly7,fly3,23138
fly3,fly7,23138
fly6,fly2,23140
fly2,fly12,23151
fly11,fly3,23165
fly1,fly8,23182
fly9,fly2,23190
fly2,fly9,23190
fly11,fly6,23191
fly3,fly12,23210
fly6,fly4,23224
fly7,fly6,23238
fly5,fly2,23239
fly5,fly3,23258
fly3,fly5,23263
fly9,fly4,23269
fly1,fly12,23293
fly12,fly5,23307
fly6,fly9,23312
fly3,fly1,23320
fly2,fly1,23320
fly1,fly3,23320
fly3,fly12,23323
fly3,fly12,23378
fly3,fly1,23386
fly9,fly6,23396
fly3,fly12,23396
fly10,fly9,23418
fly10,fly6,23422
fly12,fly1,23425
fly9,fly8,23435
fly8,fly9,23435
fly7,fly5,23483
fly8,fly7,23511
fly11,fly9,23529
fly12,fly2,23544
fly11,fly9,23549
fly10,fly1,23561
fly2,fly1,23571
fly12,fly10,23597
fly1,fly2,23602
fly4,fly10,23624
fly7,fly9,23657
fly6,fly11,23659
fly12,fly10,23688
fly11,fly9,23689
fly6,fly9,23693
fly11,fly6,23693
fly6,fly11,23695
fly4,fly3,23713
fly12,fly10,23722
fly1,fly6,23724
fly8,fly4,23728
fly9,fly1,23734
fly7,fly5,23752
fly2,fly7,23779
fly1,fly5,23805
fly5,fly1,23806
fly5,fly7,23811
fly7,fly5,23811
fly1,fly2,23817
fly12,fly11,23826
fly8,fly1,23840
fly2,fly5,23851
fly5,fly2,23852
fly6,fly12,23862
fly7,fly1,23864
fly8,fly7,23864
fly2,fly6,23883
fly6,fly2,23886
fly7,fly3,23905
fly7,fly1,23924
fly1,fly10,23974
fly6,fly2,23986
fly8,fly2,24017
fly12,fly3,24018
fly7,fly1,24019
fly2,fly8,24021
fly3,fly6,24038
fly6,fly2,24053
fly2,fly6,24054
fly12,fly10,24072
fly10,fly12,24103
fly12,fly2,24109
fly9,fly12,24131
fly12,fly9,24137
fly3,fly10,24144
fly9,fly2,24145
fly2,fly12,24165
fly8,fly3,24182
fly8,fly3,24199
fly12,fly9,24205
fly1,fly8,24217
fly5,fly7,24226
fly12,fly4,24265
fly7,fly3,24326
fly5,fly7,24366
fly7,fly5,24368
fly11,fly5,24372
fly1,fly4,24373
fly12,fly2,24379
fly1,fly10,24397
fly6,fly8,24408
fly11,fly9,24418
fly9,fly11,24419
fly6,fly8,24449
fly11,fly9,24452
fly4,fly11,24456
fly9,fly6,24481
fly8,fly6,24506
fly9,fly6,24516
fly6,fly9,24528
fly1,fly3,24542
fly6,fly9,24551
fly1,fly6,24561
fly11,fly10,24575
fly11,fly4,24583
fly1,fly6,24588
fly6,fly1,24589
fly2,fly1,24602
fly1,fly2,24603
fly3,fly2,24637
fly10,fly3,24643
fly7,fly9,24660
fly12,fly5,24665
fly10,fly2,24675
fly5,fly1,24691
fly12,fly1,24714
fly12,fly1,24746
fly12,fly5,24773
fly12,fly1,24794
fly8,fly2,24803
fly10,fly2,24808
fly3,fly4,24836
fly6,fly1,24854
fly10,fly6,24921
fly8,fly11,24938
fly12,fly7,24938
fly7,fly12,24938
fly3,fly7,24941
fly11,fly8,24945
fly12,fly10,24975
fly1,fly6,24984
fly1,fly4,25044
fly1,fly6,25058
fly7,fly10,25116
fly10,fly7,25145
fly12,fly6,25178
fly6,fly12,25201
fly12,fly5,25219
fly10,fly2,25257
fly5,fly7,25263
fly10,fly12,25266
fly2,fly12,25268
fly9,fly1,25273
fly2,fly10,25279
fly9,fly1,25305
fly12,fly10,25314
fly5,fly12,25333
fly10,fly5,25340
fly10,fly6,25358
fly5,fly6,25372
fly6,fly5,25374
fly6,fly12,25394
fly10,fly5,25397
fly12,fly10,25404
fly6,fly10,25437
fly5,fly1,25488
fly7,fly6,25491
fly12,fly10,25498
fly1,fly5,25509
fly6,fly7,25512
fly9,fly4,25528
fly10,fly2,25542
fly12,fly1,25564
fly5,fly1,25571
fly3,fly10,25579
fly7,fly6,25579
fly10,fly3,25586
fly8,fly4,25604
fly7,fly6,25615
fly5,fly3,25615
fly12,fly9,25633
fly9,fly10,25647
fly8,fly7,25673
fly9,fly12,25680
fly6,fly2,25690
fly5,fly1,25713
fly6,fly2,25737
fly12,fly7,25738
fly9,fly7,25757
fly7,fly9,25757
fly7,fly12,25765
fly12,fly9,25766
fly12,fly8,25808
fly12,fly2,25844
fly8,fly2,25845
fly7,fly11,25845
fly8,fly12,25848
fly8,fly9,25856
fly9,fly8,25856
fly5,fly11,25876
fly11,fly5,25892
fly8,fly3,25919
fly2,fly3,25922
fly8,fly5,25929
fly5,fly8,25929
fly4,fly9,25950
fly7,fly9,25951
fly9,fly7,25952
fly2,fly6,25954
fly4,fly7,25960
fly7,fly4,25960
fly5,fly2,25975
fly10,fly8,25979
fly2,fly5,25981
fly12,fly7,25994
fly7,fly12,25994
fly2,fly6,26004
fly10,fly5,26007
fly6,fly10,26014
fly7,fly12,26015
fly10,fly6,26017
fly9,fly7,26030
fly6,fly8,26036
fly12,fly9,26036
fly9,fly12,26041
fly2,fly5,26045
fly8,fly5,26052
fly5,fly10,26056
fly2,fly10,26080
fly4,fly3,26100
fly12,fly11,26115
fly4,fly3,26117
fly11,fly12,26121
fly3,fly2,26127
fly2,fly3,26128
fly2,fly3,26164
fly3,fly2,26166
fly9,fly12,26184
fly5,fly9,26211
fly10,fly5,26227
fly11,fly4,26242
fly6,fly9,26282
fly11,fly3,26282
fly3,fly11,26292
fly9,fly5,26319
fly4,fly12,26323
fly9,fly6,26326
fly8,fly9,26338
fly8,fly9,26368
fly9,fly3,26380
fly8,fly3,26391
fly3,fly9,26393
fly3,fly8,26410
fly12,fly3,26444
fly3,fly12,26445
fly7,fly2,26461
fly2,fly7,26464
fly12,fly6,26504
fly8,fly1,26506
fly5,fly2,26529
fly12,fly6,26539
fly1,fly12,26563
fly1,fly6,26571
fly6,fly12,26573
fly12,fly6,26581
fly11,fly1,26611
fly1,fly11,26621
fly11,fly10,26625
fly4,fly2,26626
fly1,fly12,26627
fly8,fly9,26663
fly4,fly10,26669
fly11,fly1,26672
fly8,fly7,26698
fly7,fly8,26698
fly6,fly5,26727
fly2,fly6,26731
fly6,fly4,26741
fly10,fly9,26764
fly9,fly10,26764
fly5,fly3,26781
fly12,fly1,26784
fly4,fly2,26788
fly8,fly4,26829
fly4,fly8,26829
fly7,fly5,26847
fly5,fly7,26848
fly1,fly6,26855
fly6,fly1,26855
fly8,fly5,26863
fly11,fly10,26864
fly4,fly8,26870
fly8,fly5,26880
fly7,fly8,26884
fly7,fly1,26937
fly11,fly4,26944
fly4,fly11,26945
fly7,fly1,26986
fly1,fly7,26987
fly7,fly9,27002
fly5,fly6,27021
fly6,fly4,27022
fly10,fly12,27119
fly5,fly9,27131
fly9,fly5,27131
fly7,fly12,27226
fly5,fly8,27257
fly9,fly12,27281
fly12,fly9,27286
fly1,fly2,27289
fly1,fly6,27318
fly6,fly3,27343
fly3,fly6,27344
fly6,fly3,27365
fly7,fly5,27385
fly5,fly7,27385
fly11,fly8,27393
fly8,fly1,27444
fly1,fly11,27451
fly7,fly12,27491
fly1,fly2,27491
fly12,fly7,27491
fly2,fly1,27514
fly2,fly3,27538
fly1,fly2,27542
fly7,fly1,27552
fly11,fly10,27559
fly2,fly7,27595
fly7,fly2,27598
fly4,fly3,27611
fly9,fly12,27624
fly1,fly2,27640
fly7,fly3,27661
fly1,fly4,27664
fly1,fly7,27673
fly1,fly3,27675
fly3,fly7,27676
fly3,fly1,27680
fly4,fly2,27688
fly8,fly9,27689
fly10,fly7,27697
fly7,fly10,27721
fly7,fly1,27734
fly9,fly3,27734
fly3,fly4,27749
fly11,fly3,27816
fly3,fly11,27817
fly12,fly6,27821
fly11,fly3,27844
fly9,fly1,27847
fly10,fly2,27900
fly9,fly7,27908
fly7,fly9,27920
fly3,fly2,27925
fly3,fly12,27956
fly8,fly12,27983
fly12,fly8,27988
fly8,fly12,28033
fly7,fly1,28033
fly12,fly8,28044
fly5,fly1,28079
fly3,fly9,28093
fly9,fly3,28125
fly11,fly12,28139
fly3,fly9,28153
fly9,fly1,28174
fly10,fly11,28188
fly6,fly12,28203
fly6,fly12,28224
fly11,fly4,28235
fly10,fly7,28297
fly12,fly6,28302
fly9,fly12,28309
fly6,fly12,28315
fly1,fly10,28341
fly4,fly11,28344
fly3,fly12,28349
fly12,fly3,28352
fly11,fly9,28353
fly9,fly11,28357
fly9,fly3,28358
fly4,fly3,28370
fly11,fly12,28373
fly12,fly3,28382
fly3,fly11,28396
fly12,fly9,28404
fly11,fly6,28418
fly9,fly8,28424
fly8,fly9,28424
fly12,fly8,28441
fly8,fly12,28441
fly11,fly4,28460
fly9,fly5,28466
fly7,fly9,28469
fly9,fly7,28469
fly7,fly5,28472
fly6,fly3,28472
fly7,fly8,28473
fly12,fly5,28478
fly7,fly12,28488
fly3,fly4,28496
fly12,fly8,28505
fly7,fly6,28531
fly4,fly6,28544
fly7,fly4,28545
fly1,fly9,28567
fly9,fly1,28567
fly5,fly4,28572
fly4,fly5,28574
fly7,fly12,28590
fly4,fly1,28590
fly1,fly4,28598
fly9,fly10,28613
fly10,fly9,28616
fly1,fly5,28619
fly5,fly7,28628
fly7,fly5,28641
fly7,fly12,28652
fly4,fly5,28677
fly7,fly4,28684
fly4,fly7,28714
fly12,fly5,28729
fly1,fly11,28733
fly4,fly10,28736
fly7,fly4,28737
fly7,fly10,28747
fly5,fly10,28753
fly5,fly4,28757
fly4,fly12,28771
fly10,fly7,28773
fly5,fly12,28774
fly11,fly3,28775
fly12,fly4,28780
